<?xml version='1.0' encoding='UTF-8'?>
<!DOCTYPE rmi PUBLIC "-//BEA Systems, Inc.//RMI Runtime DTD 1.0//EN" "rmi.dtd">
<rmi
    name="emp.EmployeeBean_pvhx0i_EOImpl"
    remote-ref-classname="weblogic.rmi.cluster.ClusterActivatableRemoteRef"
    server-ref-classname="weblogic.rmi.cluster.ClusterActivatableServerRef"
>
<cluster
    clusterable="true"
    replica-handler-classname="weblogic.rmi.cluster.EntityBeanReplicaHandler"
    propagate-environment="true"
>
</cluster>

<lifecycle
    dgc-policy="managed"
>
</lifecycle>

<method
    name="getHandle()"
    requires-transaction="true"
>
</method>
<method
    name="getSalary()"
    requires-transaction="true"
>
</method>
<method
    name="isIdentical(javax.ejb.EJBObject)"
    requires-transaction="true"
>
</method>
<method
    name="setName(java.lang.String)"
    requires-transaction="true"
>
</method>
<method
    name="getValue()"
    requires-transaction="true"
>
</method>
<method
    name="getPrimaryKey()"
    requires-transaction="true"
>
</method>
<method
    name="getEJBHome()"
    requires-transaction="true"
>
</method>
<method
    name="setSalary(float)"
    requires-transaction="true"
>
</method>
<method
    name="remove()"
    requires-transaction="true"
>
</method>
<method
    name="getName()"
    requires-transaction="true"
>
</method>

<security
    client-authentication="none"
    client-cert-authentication="none"
    identity-assertion="none"
    confidentiality="none"
    integrity="none"
>
</security>

</rmi>
