<!DOCTYPE weblogic-ejb-jar PUBLIC '-//BEA Systems, Inc.//DTD WebLogic 7.0.0 EJB//EN' 'http://www.bea.com/servers/wls700/dtd/weblogic700-ejb-jar.dtd'>
<!-- Generated XML! -->
<weblogic-ejb-jar>
	<weblogic-enterprise-bean>
		<ejb-name>EmployeeBean</ejb-name>
		<entity-descriptor>
			<pool/>
			<entity-cache>
				<cache-between-transactions>False</cache-between-transactions>
			</entity-cache>
			<persistence>
				<persistence-use>
					<type-identifier>WebLogic_CMP_RDBMS</type-identifier>
					<type-version>6.0</type-version>
					<type-storage>META-INF/weblogic-cmp-rdbms-jar.xml</type-storage>
				</persistence-use>
			</persistence>
			<entity-clustering/>
		</entity-descriptor>
		<transaction-descriptor/>
		<jndi-name>EmployeeBean</jndi-name>
	</weblogic-enterprise-bean>
	<weblogic-enterprise-bean>
		<ejb-name>EmployeeServiceBean</ejb-name>
		<stateless-session-descriptor>
			<pool/>
			<stateless-clustering/>
		</stateless-session-descriptor>
		<transaction-descriptor/>
		<reference-descriptor>
			<ejb-reference-description>
				<ejb-ref-name>ejb/employee</ejb-ref-name>
				<jndi-name>EmployeeBean</jndi-name>
			</ejb-reference-description>
		</reference-descriptor>
		<jndi-name>EmployeeServiceBean</jndi-name>
	</weblogic-enterprise-bean>
	
	<security-role-assignment>
		<role-name>myrole</role-name>
		<principal-name>userabc</principal-name>
	</security-role-assignment>
	
</weblogic-ejb-jar>
