<!DOCTYPE ejb-jar PUBLIC '-//Sun Microsystems, Inc.//DTD Enterprise JavaBeans 2.0//EN' 'http://java.sun.com/dtd/ejb-jar_2_0.dtd'>
<!-- Generated XML! -->
<ejb-jar>
	<enterprise-beans>
		<message-driven>
			<ejb-name>MyMessageBean</ejb-name>
			<ejb-class>mdbdemo.MyMessageBean</ejb-class>
			<transaction-type>Container</transaction-type>
			<message-selector>category IS NOT NULL</message-selector>
			<acknowledge-mode>Auto-acknowledge</acknowledge-mode>
			<message-driven-destination>
				<destination-type>javax.jms.Queue</destination-type>
			</message-driven-destination>
		</message-driven>
	</enterprise-beans>
	<assembly-descriptor/>
</ejb-jar>
