<!DOCTYPE ejb-jar PUBLIC '-//Sun Microsystems, Inc.//DTD Enterprise JavaBeans 2.0//EN' 'http://java.sun.com/dtd/ejb-jar_2_0.dtd'>
<!-- Generated XML! -->
<ejb-jar>
	<enterprise-beans>
		<entity>
			<ejb-name>AddressBean</ejb-name>
			<local-home>emp.AddressLocalHome</local-home>
			<local>emp.AddressLocal</local>
			<ejb-class>emp.AddressBean</ejb-class>
			<persistence-type>Container</persistence-type>
			<prim-key-class>java.lang.Integer</prim-key-class>
			<reentrant>False</reentrant>
			<cmp-field>
				<field-name>dBId</field-name>
			</cmp-field>
			<cmp-field>
				<field-name>dBHouseNo</field-name>
			</cmp-field>
			<cmp-field>
				<field-name>dBStreet</field-name>
			</cmp-field>
			<cmp-field>
				<field-name>dBCity</field-name>
			</cmp-field>
			<cmp-field>
				<field-name>dBCountry</field-name>
			</cmp-field>
			<cmp-field>
				<field-name>dBEmpID</field-name>
			</cmp-field>
			<primkey-field>dBId</primkey-field>
		</entity>
		<entity>
			<ejb-name>EmployeeBean</ejb-name>
			<home>emp.EmployeeHome</home>
			<remote>emp.Employee</remote>
			<ejb-class>emp.EmployeeBean</ejb-class>
			<persistence-type>Container</persistence-type>
			<prim-key-class>java.lang.Integer</prim-key-class>
			<reentrant>False</reentrant>
			<abstract-schema-name>EmployeeBean</abstract-schema-name>
			<cmp-field>
				<field-name>dBEmpno</field-name>
			</cmp-field>
			<cmp-field>
				<field-name>dBEname</field-name>
			</cmp-field>
			<cmp-field>
				<field-name>dBSal</field-name>
			</cmp-field>
			<primkey-field>dBEmpno</primkey-field>
			<ejb-local-ref>
				<ejb-ref-name>ejb/address</ejb-ref-name>
				<ejb-ref-type>Entity</ejb-ref-type>
				<local-home>emp.AddressLocalHome</local-home>
				<local>emp.AddressLocal</local>
				<ejb-link>AddressBean</ejb-link>
			</ejb-local-ref>
		</entity>
	</enterprise-beans>
	<relationships>
		<ejb-relation>
			<ejb-relation-name>Employee-Address</ejb-relation-name>
			<ejb-relationship-role>
				<ejb-relationship-role-name>Address-Belongs-to-Employee</ejb-relationship-role-name>
				<multiplicity>one</multiplicity>
				<cascade-delete/>
				<relationship-role-source>
					<ejb-name>AddressBean</ejb-name>
				</relationship-role-source>
			</ejb-relationship-role>
			<ejb-relationship-role>
				<ejb-relationship-role-name>Employee-Has-Address</ejb-relationship-role-name>
				<multiplicity>one</multiplicity>
				<relationship-role-source>
					<ejb-name>EmployeeBean</ejb-name>
				</relationship-role-source>
				<cmr-field>
					<cmr-field-name>dBAddress</cmr-field-name>
				</cmr-field>
			</ejb-relationship-role>
		</ejb-relation>
	</relationships>
	<assembly-descriptor/>
</ejb-jar>
