<!DOCTYPE weblogic-rdbms-jar PUBLIC '-//BEA Systems, Inc.//DTD WebLogic 7.0.0 EJB RDBMS Persistence//EN' 'http://www.bea.com/servers/wls700/dtd/weblogic-rdbms20-persistence-700.dtd'>
<!-- Generated XML! -->
<weblogic-rdbms-jar>
	<weblogic-rdbms-bean>
		<ejb-name>AddressBean</ejb-name>
		<data-source-name>MyDataSource</data-source-name>
		<table-map>
			<table-name>address</table-name>
			<field-map>
				<cmp-field>dBEmpID</cmp-field>
				<dbms-column>empid</dbms-column>
			</field-map>
			<field-map>
				<cmp-field>dBCountry</cmp-field>
				<dbms-column>country</dbms-column>
			</field-map>
			<field-map>
				<cmp-field>dBStreet</cmp-field>
				<dbms-column>street</dbms-column>
			</field-map>
			<field-map>
				<cmp-field>dBCity</cmp-field>
				<dbms-column>city</dbms-column>
			</field-map>
			<field-map>
				<cmp-field>dBId</cmp-field>
				<dbms-column>id</dbms-column>
			</field-map>
			<field-map>
				<cmp-field>dBHouseNo</cmp-field>
				<dbms-column>house_no</dbms-column>
			</field-map>
		</table-map>
		<automatic-key-generation>
			<generator-type>NAMED_SEQUENCE_TABLE</generator-type>
			<generator-name>address_sequence</generator-name>
			<key-cache-size>1</key-cache-size>
		</automatic-key-generation>
	</weblogic-rdbms-bean>
	<weblogic-rdbms-bean>
		<ejb-name>EmployeeBean</ejb-name>
		<data-source-name>MyDataSource</data-source-name>
		<table-map>
			<table-name>emp</table-name>
			<field-map>
				<cmp-field>dBEmpno</cmp-field>
				<dbms-column>empno</dbms-column>
			</field-map>
			<field-map>
				<cmp-field>dBEname</cmp-field>
				<dbms-column>ename</dbms-column>
			</field-map>
			<field-map>
				<cmp-field>dBSal</cmp-field>
				<dbms-column>sal</dbms-column>
			</field-map>
		</table-map>
		<automatic-key-generation>
			<generator-type>NAMED_SEQUENCE_TABLE</generator-type>
			<generator-name>emp_sequence</generator-name>
			<key-cache-size>1</key-cache-size>
		</automatic-key-generation>
	</weblogic-rdbms-bean>

	<weblogic-rdbms-relation>
		<relation-name>Employee-Address</relation-name>
		<weblogic-relationship-role>
			<relationship-role-name>Address-Belongs-to-Employee</relationship-role-name>
			<relationship-role-map>
				<column-map>
					<foreign-key-column>empid</foreign-key-column>
					<key-column>empno</key-column>
				</column-map>
			</relationship-role-map>
		</weblogic-relationship-role>
	</weblogic-rdbms-relation>
	
	<create-default-dbms-tables>True</create-default-dbms-tables>
</weblogic-rdbms-jar>
