<!DOCTYPE ejb-jar PUBLIC '-//Sun Microsystems, Inc.//DTD Enterprise JavaBeans 2.0//EN' 'http://java.sun.com/dtd/ejb-jar_2_0.dtd'>


<!-- Generated XML! -->

<ejb-jar>
  <enterprise-beans>
    <session>
      <ejb-name>HelloBean</ejb-name>
      <home>demo.HelloHome</home>
      <remote>demo.Hello</remote>
      <ejb-class>demo.HelloBean</ejb-class>
      <session-type>Stateless</session-type>
      <transaction-type>Container</transaction-type>
    </session>
  </enterprise-beans>

  <assembly-descriptor>

		<security-role>
      <role-name>myrole</role-name>
    </security-role>

    <method-permission>
      <role-name>myrole</role-name>
      <method>
        <ejb-name>HelloBean</ejb-name>
        <method-name>*</method-name>
      </method>
    </method-permission>
  </assembly-descriptor>

</ejb-jar>
