<!DOCTYPE weblogic-ejb-jar PUBLIC '-//BEA Systems, Inc.//DTD WebLogic 7.0.0 EJB//EN' 'http://www.bea.com/servers/wls700/dtd/weblogic700-ejb-jar.dtd'>
<!-- Generated XML! -->
<weblogic-ejb-jar>
	<weblogic-enterprise-bean>
		<ejb-name>EmployeeBean</ejb-name>
		<entity-descriptor>
			<pool/>
			<entity-cache>
				<cache-between-transactions>False</cache-between-transactions>
			</entity-cache>
			<persistence/>
			<entity-clustering/>
		</entity-descriptor>
		<transaction-descriptor/>
		<reference-descriptor>
			<resource-description>
				<res-ref-name>jdbc/ds</res-ref-name>
				<jndi-name>MyDataSource</jndi-name>
			</resource-description>
		</reference-descriptor>
		<jndi-name>EmployeeBean</jndi-name>
	</weblogic-enterprise-bean>
</weblogic-ejb-jar>
