<!DOCTYPE ejb-jar PUBLIC '-//Sun Microsystems, Inc.//DTD Enterprise JavaBeans 2.0//EN' 'http://java.sun.com/dtd/ejb-jar_2_0.dtd'>
<!-- Generated XML! -->
<ejb-jar>
	<enterprise-beans>
		<session>
			<ejb-name>CartBean</ejb-name>
			<home>statedemo.CartHome</home>
			<remote>statedemo.Cart</remote>
			<ejb-class>statedemo.CartBean</ejb-class>
			<session-type>Stateful</session-type>
			<transaction-type>Container</transaction-type>
		</session>
	</enterprise-beans>
	<assembly-descriptor/>
	<ejb-client-jar>cartclient.jar</ejb-client-jar>
</ejb-jar>
