<!DOCTYPE ejb-jar PUBLIC '-//Sun Microsystems, Inc.//DTD Enterprise JavaBeans 2.0//EN' 'http://java.sun.com/dtd/ejb-jar_2_0.dtd'>


<!-- Generated XML! -->

<ejb-jar>
  <enterprise-beans>
    <entity>
      <ejb-name>EmployeeBean</ejb-name>
      <home>emp.EmployeeHome</home>
      <remote>emp.Employee</remote>
      <ejb-class>emp.EmployeeBean</ejb-class>
      <persistence-type>Container</persistence-type>
      <prim-key-class>java.lang.Integer</prim-key-class>
      <reentrant>False</reentrant>
      <cmp-field>
        <field-name>dBEmpno</field-name>
      </cmp-field>
      <cmp-field>
        <field-name>dBEname</field-name>
      </cmp-field>
      <cmp-field>
        <field-name>dBSal</field-name>
      </cmp-field>
      <primkey-field>dBEmpno</primkey-field>
    </entity>
    <message-driven>
      <ejb-name>EmployeeMessageBean</ejb-name>
      <ejb-class>mdbdemo.EmployeeMessageBean</ejb-class>
      <transaction-type>Container</transaction-type>
      <acknowledge-mode>Auto-acknowledge</acknowledge-mode>
      <message-driven-destination>
        <destination-type>javax.jms.Queue</destination-type>
      </message-driven-destination>

      <ejb-ref>
        <ejb-ref-name>ejb/employee</ejb-ref-name>
        <ejb-ref-type>Entity</ejb-ref-type>
        <home>emp.EmployeeHome</home>
        <remote>emp.Employee</remote>
        <ejb-link>EmployeeBean</ejb-link>
      </ejb-ref>
    </message-driven>
  </enterprise-beans>

  <assembly-descriptor>
  </assembly-descriptor>

</ejb-jar>
