<?xml version="1.0" encoding="UTF-8"?>
<beans xmlns="http://www.springframework.org/schema/beans" xmlns:xsi="http://www.w3.org/2001/XMLSchema-instance"
	xsi:schemaLocation="http://www.springframework.org/schema/beans http://www.springframework.org/schema/beans/spring-beans-2.0.xsd">

	<bean id="dataSourceInitializer" class="test.jdbc.datasource.DataSourceInitializer">
		<property name="dataSource" ref="dataSource" />
		<property name="initScripts" value="/init.sql" />
	</bean>
	
	<bean id="dataSource"
		class="org.springframework.jdbc.datasource.DriverManagerDataSource">
		<property name="driverClassName" value="org.hsqldb.jdbcDriver" />
		<property name="url" value="jdbc:hsqldb:mem:testdb" />
	</bean>

	<!-- Transaction manager for a datasource -->
	<bean id="transactionManager" class="org.springframework.jdbc.datasource.DataSourceTransactionManager">
		<property name="dataSource" ref="dataSource" />
	</bean>

</beans>