<?xml version="1.0" encoding="UTF-8"?>
<beans xmlns="http://www.springframework.org/schema/beans"
	xmlns:aop="http://www.springframework.org/schema/aop" xmlns:jms="http://www.springframework.org/schema/jms"
	xmlns:tx="http://www.springframework.org/schema/tx" xmlns:xsi="http://www.w3.org/2001/XMLSchema-instance"
	xsi:schemaLocation="
		http://www.springframework.org/schema/beans http://www.springframework.org/schema/beans/spring-beans-2.5.xsd
		http://www.springframework.org/schema/jms http://www.springframework.org/schema/jms/spring-jms-2.5.xsd
		http://www.springframework.org/schema/aop http://www.springframework.org/schema/aop/spring-aop-2.5.xsd
		http://www.springframework.org/schema/tx http://www.springframework.org/schema/tx/spring-tx-2.5.xsd">

	<import resource="classpath:/META-INF/spring/data-source-context.xml" />
	
	<aop:aspectj-autoproxy>
		<aop:include name="failureSimulator"/>
	</aop:aspectj-autoproxy>
	
	<jms:listener-container transaction-manager="transactionManager" >
		<!-- Use a different queue for the async samples than the sync ones -->
		<jms:listener destination="async" ref="fooHandler" method="handle"/>
	</jms:listener-container>

	<!-- For test purposes only, a utility for simulating failures -->
	<bean id="fooHandler" class="com.springsource.open.foo.FooHandler">
		<property name="dataSource" ref="dataSource" />
	</bean>

	<!-- For test purposes only, we have a utility for simulating failures -->
	<bean id="failureSimulator" class="com.springsource.open.foo.FailureSimulator">
		<property name="jmsTemplate" ref="jmsTemplate" />
	</bean>

	<bean id="jmsTemplate" class="org.springframework.jms.core.JmsTemplate">
		<property name="connectionFactory" ref="connectionFactory" />
		<property name="receiveTimeout" value="100" />
		<!-- This is important... -->
		<property name="sessionTransacted" value="true" />
	</bean>

	<bean id="connectionFactory"
		class="org.springframework.jms.connection.TransactionAwareConnectionFactoryProxy">
		<property name="targetConnectionFactory">
			<bean class="org.apache.activemq.ActiveMQConnectionFactory" depends-on="brokerService">
				<property name="brokerURL" value="vm://localhost"/>
			</bean>
		</property>
		<property name="synchedLocalTransactionAllowed" value="true" />
	</bean>

	<bean id="brokerService" class="org.apache.activemq.broker.BrokerService"
		init-method="start" destroy-method="stop">
		<property name="brokerName" value="broker" />
		<!-- Enable this if you need to inspect with JMX -->
		<property name="useJmx" value="false" />
		<property name="transportConnectorURIs">
			<list>
				<value>vm://localhost</value>
			</list>
		</property>
		<property name="persistenceAdapter">
			<!-- Use the cheapest possible persistence adapter for testing purposes -->
			<bean class="org.apache.activemq.store.memory.MemoryPersistenceAdapter"/>
		</property>
	</bean>

</beans>