<!DOCTYPE weblogic-rdbms-jar PUBLIC  '-//BEA Systems, Inc.//DTD WebLogic 7.0.0 EJB RDBMS Persistence//EN' 'http://www.bea.com/servers/wls700/dtd/weblogic-rdbms20-persistence-700.dtd'>


<!-- Generated XML! -->

<weblogic-rdbms-jar>
  <weblogic-rdbms-bean>
    <ejb-name>EmployeeBean</ejb-name>
    <data-source-name>MyDataSource</data-source-name>
    <table-map>
      <table-name>employees</table-name>
      <field-map>
        <cmp-field>dBSal</cmp-field>
        <dbms-column>sal</dbms-column>
      </field-map>
      <field-map>
        <cmp-field>dBDeptno</cmp-field>
        <dbms-column>deptno</dbms-column>
      </field-map>
      <field-map>
        <cmp-field>dBEmpno</cmp-field>
        <dbms-column>empno</dbms-column>
      </field-map>
      <field-map>
        <cmp-field>dBEmpname</cmp-field>
        <dbms-column>empname</dbms-column>
      </field-map>
    </table-map>
    <automatic-key-generation>
      <generator-type>NAMED_SEQUENCE_TABLE</generator-type>
      <generator-name>emp_sequence</generator-name>
      <key-cache-size>1</key-cache-size>
    </automatic-key-generation>

  </weblogic-rdbms-bean>
  <weblogic-rdbms-bean>
    <ejb-name>DepartmentBean</ejb-name>
    <data-source-name>MyDataSource</data-source-name>
    <table-map>
      <table-name>departments</table-name>
      <field-map>
        <cmp-field>dBDeptname</cmp-field>
        <dbms-column>deptname</dbms-column>
      </field-map>
      <field-map>
        <cmp-field>dBDeptno</cmp-field>
        <dbms-column>deptno</dbms-column>
      </field-map>
      <field-map>
        <cmp-field>dBLocation</cmp-field>
        <dbms-column>location</dbms-column>
      </field-map>
    </table-map>
	<weblogic-query>
		 <query-method>
          <method-name>ejbSelectAllEmployeesByName</method-name>
          <method-params>
            <method-param>int</method-param>
            <method-param>java.lang.String</method-param>
          </method-params>

        </query-method>
		 </weblogic-query>
    <automatic-key-generation>
      <generator-type>NAMED_SEQUENCE_TABLE</generator-type>
      <generator-name>address_sequence</generator-name>
      <key-cache-size>1</key-cache-size>
    </automatic-key-generation>

  </weblogic-rdbms-bean>
  <weblogic-rdbms-relation>
    <relation-name>dept-emp</relation-name>
    <weblogic-relationship-role>
      <relationship-role-name>emp-belongs-to-dept</relationship-role-name>
      <relationship-role-map>
        <column-map>
          <foreign-key-column>deptno</foreign-key-column>
          <key-column>deptno</key-column>
        </column-map>
      </relationship-role-map>
	  </weblogic-relationship-role>
  </weblogic-rdbms-relation>
  <create-default-dbms-tables>True</create-default-dbms-tables>
</weblogic-rdbms-jar>
