<!DOCTYPE ejb-jar PUBLIC '-//Sun Microsystems, Inc.//DTD Enterprise JavaBeans 2.0//EN' 'http://java.sun.com/dtd/ejb-jar_2_0.dtd'>


<!-- Generated XML! -->

<ejb-jar>
  <enterprise-beans>
    <entity>
      <ejb-name>EmployeeBean</ejb-name>
      <home>emp.EmployeeHome</home>
      <remote>emp.Employee</remote>
      <ejb-class>emp.EmployeeBean</ejb-class>
      <persistence-type>Bean</persistence-type>
      <prim-key-class>java.lang.Integer</prim-key-class>
      <reentrant>False</reentrant>
      <resource-ref>
        <res-ref-name>jdbc/ds</res-ref-name>
        <res-type>javax.sql.DataSource</res-type>
        <res-auth>Container</res-auth>
      </resource-ref>
    </entity>
  </enterprise-beans>

  <assembly-descriptor>
  </assembly-descriptor>

</ejb-jar>
