<!DOCTYPE ejb-jar PUBLIC '-//Sun Microsystems, Inc.//DTD Enterprise JavaBeans 2.0//EN' 'http://java.sun.com/dtd/ejb-jar_2_0.dtd'>
<!-- Generated XML! -->
<ejb-jar>
	<enterprise-beans>
		<session>
			<ejb-name>InventoryBean</ejb-name>
			<local-home>inv.InventoryHome</local-home>
			<local>inv.Inventory</local>
			<ejb-class>inv.InventoryBean</ejb-class>
			<session-type>Stateless</session-type>
			<transaction-type>Container</transaction-type>
			<resource-ref>
				<res-ref-name>jdbc/MyDataSource</res-ref-name>
				<res-type>javax.sql.DataSource</res-type>
				<res-auth>Container</res-auth>
			</resource-ref>
		</session>
		<session>
			<ejb-name>RootBean</ejb-name>
			<home>use.RootHome</home>
			<remote>use.Root</remote>
			<ejb-class>use.RootBean</ejb-class>
			<session-type>Stateless</session-type>
			<transaction-type>Container</transaction-type>
			<ejb-local-ref>
				<ejb-ref-name>ejb/purchase</ejb-ref-name>
				<ejb-ref-type>Session</ejb-ref-type>
				<local-home>pur.PurchaseHome</local-home>
				<local>pur.Purchase</local>
				<ejb-link>PurchaseBean</ejb-link>
			</ejb-local-ref>
			<ejb-local-ref>
				<ejb-ref-name>ejb/inventory</ejb-ref-name>
				<ejb-ref-type>Session</ejb-ref-type>
				<local-home>inv.InventoryHome</local-home>
				<local>inv.Inventory</local>
				<ejb-link>InventoryBean</ejb-link>
			</ejb-local-ref>
		</session>
		<session>
			<ejb-name>PurchaseBean</ejb-name>
			<local-home>pur.PurchaseHome</local-home>
			<local>pur.Purchase</local>
			<ejb-class>pur.PurchaseBean</ejb-class>
			<session-type>Stateless</session-type>
			<transaction-type>Container</transaction-type>
			<resource-ref>
				<res-ref-name>jdbc/MyDataSource</res-ref-name>
				<res-type>javax.sql.DataSource</res-type>
				<res-auth>Container</res-auth>
			</resource-ref>
		</session>
	</enterprise-beans>
	<assembly-descriptor>
		<container-transaction>
			<method>
				<ejb-name>InventoryBean</ejb-name>
				<method-name>*</method-name>
			</method>
			<trans-attribute>Mandatory</trans-attribute>
		</container-transaction>
		<container-transaction>
			<method>
				<ejb-name>PurchaseBean</ejb-name>
				<method-name>*</method-name>
			</method>
			<trans-attribute>Mandatory</trans-attribute>
		</container-transaction>
		<container-transaction>
			<method>
				<ejb-name>RootBean</ejb-name>
				<method-name>*</method-name>
			</method>
			<trans-attribute>Required</trans-attribute>
		</container-transaction>
	</assembly-descriptor>
</ejb-jar>