<!DOCTYPE weblogic-ejb-jar PUBLIC '-//BEA Systems, Inc.//DTD WebLogic 7.0.0 EJB//EN' 'http://www.bea.com/servers/wls700/dtd/weblogic700-ejb-jar.dtd'>
<!-- Generated XML! -->
<weblogic-ejb-jar>
	<weblogic-enterprise-bean>
		<ejb-name>InventoryBean</ejb-name>
		<stateless-session-descriptor>
			<pool/>
			<stateless-clustering/>
		</stateless-session-descriptor>
		<transaction-descriptor/>
		<reference-descriptor>
			<resource-description>
				<res-ref-name>jdbc/MyDataSource</res-ref-name>
				<jndi-name>MyDataSource</jndi-name>
			</resource-description>
		</reference-descriptor>
		<local-jndi-name>InventoryBean</local-jndi-name>
	</weblogic-enterprise-bean>
	<weblogic-enterprise-bean>
		<ejb-name>RootBean</ejb-name>
		<stateless-session-descriptor>
			<pool/>
			<stateless-clustering/>
		</stateless-session-descriptor>
		<transaction-descriptor/>
		<reference-descriptor>
			<ejb-local-reference-description>
				<ejb-ref-name>ejb/purchase</ejb-ref-name>
				<jndi-name>PurchaseBean</jndi-name>
			</ejb-local-reference-description>
			<ejb-local-reference-description>
				<ejb-ref-name>ejb/inventory</ejb-ref-name>
				<jndi-name>InventoryBean</jndi-name>
			</ejb-local-reference-description>
		</reference-descriptor>
		<jndi-name>RootBean</jndi-name>
	</weblogic-enterprise-bean>
	<weblogic-enterprise-bean>
		<ejb-name>PurchaseBean</ejb-name>
		<stateless-session-descriptor>
			<pool/>
			<stateless-clustering/>
		</stateless-session-descriptor>
		<transaction-descriptor/>
		<reference-descriptor>
			<resource-description>
				<res-ref-name>jdbc/MyDataSource</res-ref-name>
				<jndi-name>MyDataSource</jndi-name>
			</resource-description>
		</reference-descriptor>
		<local-jndi-name>PurchaseBean</local-jndi-name>
	</weblogic-enterprise-bean>
</weblogic-ejb-jar>
