<?xml version="1.0" encoding="UTF-8"?>
<beans xmlns="http://www.springframework.org/schema/beans"
	xmlns:context="http://www.springframework.org/schema/context" xmlns:tx="http://www.springframework.org/schema/tx"
	xmlns:xsi="http://www.w3.org/2001/XMLSchema-instance"
	xsi:schemaLocation="http://www.springframework.org/schema/beans http://www.springframework.org/schema/beans/spring-beans-2.5.xsd
	http://www.springframework.org/schema/context http://www.springframework.org/schema/context/spring-context-2.5.xsd
	http://www.springframework.org/schema/tx http://www.springframework.org/schema/tx/spring-tx-2.5.xsd">

	<context:component-scan base-package="com.springsource.open.db" />
	<tx:annotation-driven proxy-target-class="false" />

	<bean class="test.jdbc.datasource.DataSourceInitializer">
		<property name="dataSource" ref="dataSource" />
		<property name="initScripts" value="/init.sql" />
	</bean>

	<bean class="test.jdbc.datasource.DataSourceInitializer">
		<property name="dataSource" ref="otherDataSource" />
		<property name="initScripts" value="/other.sql" />
	</bean>

	<bean id="dataSource" class="com.springsource.open.db.AtomikosDataSourceFactoryBean">
		<property name="uniqueResourceName" value="data-source" />
		<property name="xaDataSource">
			<bean class="test.jdbc.datasource.DerbyDataSourceFactoryBean">
				<property name="databaseName" value="derbydb" />
			</bean>
		</property>
		<property name="exclusiveConnectionMode" value="true" />
		<property name="connectionPoolSize" value="1" />
	</bean>

	<bean id="otherDataSource" class="com.springsource.open.db.AtomikosDataSourceFactoryBean">
		<property name="uniqueResourceName" value="other-data-source" />
		<property name="xaDataSource">
			<bean class="test.jdbc.datasource.DerbyDataSourceFactoryBean">
				<property name="databaseName" value="otherdb" />
			</bean>
		</property>
		<property name="exclusiveConnectionMode" value="true" />
		<property name="connectionPoolSize" value="1" />
	</bean>

	<bean id="transactionManager"
		class="org.springframework.transaction.jta.JtaTransactionManager">
		<property name="transactionManager">
			<bean class="com.atomikos.icatch.jta.UserTransactionManager"
				init-method="init" destroy-method="close">
				<property name="forceShutdown">
					<value>true</value>
				</property>
				<property name="transactionTimeout">
					<value>600</value>
				</property>
			</bean>
		</property>
		<property name="userTransaction">
			<bean class="com.atomikos.icatch.jta.UserTransactionImp" />
		</property>
	</bean>

</beans>