<!DOCTYPE weblogic-rdbms-jar PUBLIC  '-//BEA Systems, Inc.//DTD WebLogic 7.0.0 EJB RDBMS Persistence//EN' 'http://www.bea.com/servers/wls700/dtd/weblogic-rdbms20-persistence-700.dtd'>


<!-- Generated XML! -->

<weblogic-rdbms-jar>
  <weblogic-rdbms-bean>
    <ejb-name>EmployeeBean</ejb-name>
    <data-source-name>MyDataSource</data-source-name>
    <table-map>
      <table-name>emp</table-name>
      <field-map>
        <cmp-field>dBSal</cmp-field>
        <dbms-column>Sal</dbms-column>
      </field-map>
      <field-map>
        <cmp-field>dBEname</cmp-field>
        <dbms-column>Ename</dbms-column>
      </field-map>
      <field-map>
        <cmp-field>dBEmpno</cmp-field>
        <dbms-column>Empno</dbms-column>
      </field-map>
    </table-map>
    <weblogic-query>
      <query-method>
        <method-name>findBySalary</method-name>
        <method-params>
          <method-param>float</method-param>
        </method-params>

      </query-method>

      <include-updates>False</include-updates>
    </weblogic-query>
    <automatic-key-generation>
      <generator-type>NAMED_SEQUENCE_TABLE</generator-type>
      <generator-name>EMP_SEQ</generator-name>
      <key-cache-size>1</key-cache-size>
    </automatic-key-generation>

  </weblogic-rdbms-bean>
  <create-default-dbms-tables>True</create-default-dbms-tables>
</weblogic-rdbms-jar>
