<!DOCTYPE weblogic-ejb-jar PUBLIC '-//BEA Systems, Inc.//DTD WebLogic 7.0.0 EJB//EN' 'http://www.bea.com/servers/wls700/dtd/weblogic700-ejb-jar.dtd'>


<!-- Generated XML! -->

<weblogic-ejb-jar>
  <weblogic-enterprise-bean>
    <ejb-name>EmployeeBean</ejb-name>
    <entity-descriptor>
      <pool>
      </pool>

      <entity-cache>
        <cache-between-transactions>False</cache-between-transactions>
      </entity-cache>

      <persistence>
        <persistence-use>
          <type-identifier>WebLogic_CMP_RDBMS</type-identifier>
          <type-version>6.0</type-version>
          <type-storage>META-INF/weblogic-cmp-rdbms-jar.xml</type-storage>
        </persistence-use>

      </persistence>

      <entity-clustering>
      </entity-clustering>

    </entity-descriptor>

    <transaction-descriptor>
    </transaction-descriptor>

    <jndi-name>EmployeeBean</jndi-name>
  </weblogic-enterprise-bean>
</weblogic-ejb-jar>
